02-The_Watcher.mp3,8297412,adamko3,
07-Whats_The_Difference.mp3,9795815,adamko3,
doopa.png,10080,adamko,
14-The_Car_Bomb.mp3,2462705,adamko3,
19-Housewife.mp3,9733099,adamko3,
randomfile10.txt,2318,adamko3,
randomfile16.txt,2318,adamko3,
randomfile23.txt,2318,adamko3,
randomfile29.txt,2318,adamko3,
randomfile3.txt,2318,adamko3,
randomfile36.txt,2318,adamko3,
randomfile44.txt,2318,adamko3,
randomfile52.txt,2318,adamko3,
randomfile6.txt,2318,adamko3,
randomfile61.txt,2318,adamko3,
randomfile62.txt,2318,adamko3,
randomfile63.txt,2318,adamko3,
randomfile66.txt,2318,adamko3,
randomfile72.txt,2318,adamko3,
randomfile8.txt,2318,adamko3,
randomfile92.txt,2318,adamko3,
